folio,head_a,head_e,head_o,head_k,head_t,head_headless,mod_p,mod_f,mod_i,mod_c,mod_d,mod_s,term_y,term_n,term_l,term_r,term_m,term_h,pfx_qo,pfx_ch,pfx_sh,pfx_ok,pfx_ot,pfx_da,pfx_ol,pfx_ct,pfx_bare,e_depth_mean,i_depth_mean,mean_atom_length,token_count,section
f103r,0.1053639846743295,0.3773946360153257,0.08812260536398467,0.1685823754789272,0.0421455938697318,0.2164750957854406,0.022988505747126436,0.0038314176245210726,0.17624521072796934,0.06321839080459771,0.23180076628352492,0.032567049808429116,0.5574712643678161,0.14559386973180077,0.13984674329501914,0.06130268199233716,0.013409961685823755,0.0,0.2164750957854406,0.16283524904214558,0.19540229885057472,0.09386973180076628,0.0842911877394636,0.034482758620689655,0.013409961685823755,0.0,0.19923371647509577,0.7624521072796935,1.358974358974359,3.39272030651341,522.0,Stars
f103v,0.1492204899777283,0.3585746102449889,0.0935412026726058,0.12249443207126949,0.044543429844097995,0.22494432071269488,0.0200445434298441,0.0,0.2026726057906459,0.042316258351893093,0.18485523385300667,0.035634743875278395,0.5167037861915368,0.16703786191536749,0.10022271714922049,0.11358574610244988,0.015590200445434299,0.0,0.16481069042316257,0.17371937639198218,0.16258351893095768,0.062360801781737196,0.0935412026726058,0.031180400890868598,0.0556792873051225,0.0,0.2561247216035635,0.6614699331848553,1.4285714285714286,3.1603563474387526,449.0,Stars
f104r,0.16666666666666666,0.2420091324200913,0.15753424657534246,0.1232876712328767,0.05707762557077625,0.2534246575342466,0.0273972602739726,0.00684931506849315,0.3538812785388128,0.1187214611872146,0.2831050228310502,0.0273972602739726,0.3242009132420091,0.18949771689497716,0.1324200913242009,0.1917808219178082,0.02968036529680365,0.00228310502283105,0.20776255707762556,0.2100456621004566,0.06621004566210045,0.06621004566210045,0.07534246575342465,0.02968036529680365,0.045662100456621,0.0,0.2990867579908676,0.5525114155251142,1.7058823529411764,3.7945205479452055,438.0,Stars
f104v,0.1222707423580786,0.33406113537117904,0.12663755458515283,0.10262008733624454,0.08951965065502183,0.21615720524017468,0.010917030567685589,0.006550218340611353,0.34934497816593885,0.12663755458515283,0.28820960698689957,0.03711790393013101,0.3799126637554585,0.185589519650655,0.0982532751091703,0.13537117903930132,0.026200873362445413,0.0,0.2292576419213974,0.31222707423580787,0.06986899563318777,0.03711790393013101,0.04148471615720524,0.028384279475982533,0.015283842794759825,0.002183406113537118,0.26419213973799127,0.7336244541484717,1.6481481481481481,3.7445414847161573,458.0,Stars
f105r,0.15405405405405406,0.3027027027027027,0.14324324324324325,0.08108108108108109,0.016216216216216217,0.2972972972972973,0.02702702702702703,0.008108108108108109,0.4027027027027027,0.04594594594594595,0.33513513513513515,0.062162162162162166,0.4594594594594595,0.14594594594594595,0.10540540540540541,0.12162162162162163,0.01891891891891892,0.0,0.12972972972972974,0.15135135135135136,0.04864864864864865,0.051351351351351354,0.07837837837837838,0.051351351351351354,0.03513513513513514,0.0,0.4540540540540541,0.7135135135135136,1.815217391304348,3.7243243243243245,370.0,Stars
f105v,0.258974358974359,0.20256410256410257,0.14358974358974358,0.05384615384615385,0.020512820512820513,0.3128205128205128,0.05128205128205128,0.005128205128205128,0.6025641025641025,0.06666666666666667,0.2846153846153846,0.05128205128205128,0.24871794871794872,0.24102564102564103,0.10512820512820513,0.18717948717948718,0.03333333333333333,0.0,0.07948717948717948,0.1564102564102564,0.038461538461538464,0.0641025641025641,0.10512820512820513,0.0641025641025641,0.03076923076923077,0.0,0.46153846153846156,0.46153846153846156,1.7243589743589745,3.7282051282051283,390.0,Stars
f106r,0.15676959619952494,0.28741092636579574,0.1377672209026128,0.12114014251781473,0.047505938242280284,0.23990498812351543,0.030878859857482184,0.007125890736342043,0.37292161520190026,0.09501187648456057,0.27315914489311166,0.04275534441805225,0.34441805225653205,0.1995249406175772,0.11401425178147269,0.15914489311163896,0.023752969121140142,0.0,0.15914489311163896,0.2494061757719715,0.12826603325415678,0.0688836104513064,0.05938242280285035,0.026128266033254157,0.026128266033254157,0.0,0.2826603325415677,0.5985748218527316,1.6666666666666667,3.7197149643705463,421.0,Stars
f106v,0.18040089086859687,0.24498886414253898,0.15812917594654788,0.09799554565701558,0.0467706013363029,0.267260579064588,0.026726057906458798,0.004454342984409799,0.37193763919821826,0.0757238307349666,0.26280623608017817,0.060133630289532294,0.37193763919821826,0.2026726057906459,0.111358574610245,0.1447661469933185,0.028953229398663696,0.0,0.14699331848552338,0.22048997772828507,0.14253897550111358,0.060133630289532294,0.08463251670378619,0.022271714922048998,0.024498886414253896,0.0022271714922048997,0.2962138084632517,0.4298440979955457,1.6396396396396395,3.507795100222717,449.0,Stars
f107r,0.25,0.21311475409836064,0.10040983606557377,0.1168032786885246,0.03278688524590164,0.2807377049180328,0.020491803278688523,0.006147540983606557,0.4979508196721312,0.05122950819672131,0.13319672131147542,0.02663934426229508,0.2889344262295082,0.26024590163934425,0.19262295081967212,0.125,0.02663934426229508,0.0,0.12704918032786885,0.19672131147540983,0.06352459016393443,0.07991803278688525,0.0860655737704918,0.018442622950819672,0.028688524590163935,0.0020491803278688526,0.3975409836065574,0.4651639344262295,1.6606060606060606,3.4959016393442623,488.0,Stars
f107v,0.24395604395604395,0.1912087912087912,0.11648351648351649,0.2175824175824176,0.015384615384615385,0.21318681318681318,0.017582417582417582,0.004395604395604396,0.4901098901098901,0.07032967032967033,0.14725274725274726,0.013186813186813187,0.36923076923076925,0.2813186813186813,0.16043956043956045,0.10329670329670329,0.01978021978021978,0.002197802197802198,0.1956043956043956,0.15164835164835164,0.03956043956043956,0.0967032967032967,0.07472527472527472,0.024175824175824177,0.03736263736263736,0.0,0.3802197802197802,0.4593406593406593,1.6308724832214765,3.5142857142857142,455.0,Stars
f108r,0.14663951120162932,0.34623217922606925,0.1120162932790224,0.1629327902240326,0.028513238289205704,0.19959266802443992,0.016293279022403257,0.010183299389002037,0.1894093686354379,0.059063136456211814,0.4073319755600815,0.018329938900203666,0.5254582484725051,0.12627291242362526,0.1425661914460285,0.10386965376782077,0.038696537678207736,0.002036659877800407,0.1894093686354379,0.20773930753564154,0.048879837067209775,0.14867617107942974,0.07535641547861507,0.034623217922606926,0.016293279022403257,0.002036659877800407,0.2769857433808554,0.7617107942973523,1.5714285714285714,3.564154786150713,491.0,Stars
f108v,0.1280701754385965,0.4245614035087719,0.06140350877192982,0.17719298245614035,0.028070175438596492,0.17543859649122806,0.0035087719298245615,0.0017543859649122807,0.21578947368421053,0.03684210526315789,0.3333333333333333,0.014035087719298246,0.47719298245614034,0.1631578947368421,0.1456140350877193,0.09298245614035087,0.03508771929824561,0.0,0.21052631578947367,0.18596491228070175,0.11754385964912281,0.08771929824561403,0.05964912280701754,0.03684210526315789,0.02631578947368421,0.0035087719298245615,0.2719298245614035,0.9929824561403509,1.5360824742268042,3.57719298245614,570.0,Stars
f111r,0.1270358306188925,0.4543973941368078,0.043973941368078175,0.14332247557003258,0.02280130293159609,0.19543973941368079,0.006514657980456026,0.0016286644951140066,0.1970684039087948,0.05374592833876222,0.31758957654723124,0.019543973941368076,0.4755700325732899,0.15472312703583063,0.11074918566775244,0.08957654723127036,0.03908794788273615,0.0,0.16286644951140064,0.21986970684039087,0.11074918566775244,0.06840390879478828,0.06677524429967427,0.043973941368078175,0.016286644951140065,0.0,0.31107491856677527,0.9332247557003257,1.4311926605504588,3.52442996742671,614.0,Stars
f111v,0.19964349376114082,0.3333333333333333,0.04634581105169341,0.1408199643493761,0.030303030303030304,0.23885918003565063,0.0142602495543672,0.0017825311942959,0.3315508021390374,0.0481283422459893,0.16399286987522282,0.017825311942959002,0.3422459893048128,0.28698752228163993,0.12834224598930483,0.12299465240641712,0.023172905525846704,0.0,0.16755793226381463,0.25668449197860965,0.11051693404634581,0.0748663101604278,0.05525846702317291,0.0142602495543672,0.0142602495543672,0.0,0.3065953654188948,0.6007130124777184,1.2574850299401197,3.3600713012477716,561.0,Stars
f112r,0.19035532994923857,0.28426395939086296,0.1116751269035533,0.1218274111675127,0.02284263959390863,0.2614213197969543,0.02284263959390863,0.0025380710659898475,0.22842639593908629,0.050761421319796954,0.2614213197969543,0.012690355329949238,0.48223350253807107,0.13705583756345177,0.09898477157360407,0.13959390862944163,0.03807106598984772,0.0,0.14720812182741116,0.13705583756345177,0.04314720812182741,0.12436548223350254,0.1116751269035533,0.017766497461928935,0.03299492385786802,0.0,0.38578680203045684,0.7106598984771574,1.5588235294117647,3.3730964467005076,394.0,Stars
f112v,0.1783132530120482,0.327710843373494,0.13975903614457832,0.13012048192771083,0.033734939759036145,0.18795180722891566,0.021686746987951807,0.004819277108433735,0.3855421686746988,0.060240963855421686,0.3036144578313253,0.01927710843373494,0.3927710843373494,0.2457831325301205,0.13493975903614458,0.11566265060240964,0.043373493975903614,0.0,0.16626506024096385,0.23373493975903614,0.05301204819277108,0.07951807228915662,0.07228915662650602,0.024096385542168676,0.021686746987951807,0.0,0.3493975903614458,0.7831325301204819,1.688073394495413,3.7397590361445783,415.0,Stars
f113r,0.16023166023166024,0.2915057915057915,0.15444015444015444,0.11003861003861004,0.02895752895752896,0.2528957528957529,0.017374517374517374,0.005791505791505791,0.38223938223938225,0.0945945945945946,0.21428571428571427,0.07142857142857142,0.3532818532818533,0.20270270270270271,0.13127413127413126,0.15057915057915058,0.019305019305019305,0.0,0.1274131274131274,0.30115830115830117,0.11583011583011583,0.0637065637065637,0.05791505791505792,0.013513513513513514,0.013513513513513514,0.005791505791505791,0.30115830115830117,0.6196911196911197,1.775,3.7548262548262548,518.0,Stars
f113v,0.2755741127348643,0.2567849686847599,0.11899791231732777,0.09812108559498957,0.033402922755741124,0.2045929018789144,0.029227557411273485,0.0041753653444676405,0.44258872651356995,0.06889352818371608,0.1732776617954071,0.04175365344467641,0.2985386221294363,0.22755741127348644,0.13778705636743216,0.2045929018789144,0.033402922755741124,0.0041753653444676405,0.12108559498956159,0.16701461377870563,0.04175365344467641,0.08977035490605428,0.14613778705636743,0.022964509394572025,0.05010438413361169,0.008350730688935281,0.35281837160751567,0.55741127348643,1.7619047619047619,3.6221294363256784,479.0,Stars
f114r,0.14317673378076062,0.26174496644295303,0.16554809843400448,0.0738255033557047,0.03803131991051454,0.3131991051454139,0.04697986577181208,0.008948545861297539,0.5436241610738255,0.07606263982102908,0.40492170022371365,0.04697986577181208,0.30201342281879195,0.27069351230425054,0.09619686800894854,0.14988814317673377,0.015659955257270694,0.0,0.15212527964205816,0.25279642058165547,0.024608501118568233,0.058165548098434,0.06711409395973154,0.08277404921700224,0.02237136465324385,0.0,0.3400447427293065,0.5480984340044742,1.6264367816091954,3.9328859060402683,447.0,Stars
f114v,0.10497237569060773,0.27624309392265195,0.14917127071823205,0.08011049723756906,0.1298342541436464,0.2541436464088398,0.03038674033149171,0.0027624309392265192,0.430939226519337,0.1270718232044199,0.3674033149171271,0.04419889502762431,0.3674033149171271,0.2569060773480663,0.1132596685082873,0.0718232044198895,0.027624309392265192,0.0,0.23204419889502761,0.2596685082872928,0.0718232044198895,0.04143646408839779,0.09392265193370165,0.04696132596685083,0.027624309392265192,0.0027624309392265192,0.22375690607734808,0.649171270718232,1.7128712871287128,3.983425414364641,362.0,Stars
f115r,0.10135135135135136,0.2927927927927928,0.11486486486486487,0.13063063063063063,0.08108108108108109,0.2747747747747748,0.013513513513513514,0.0022522522522522522,0.22972972972972974,0.1373873873873874,0.3153153153153153,0.0472972972972973,0.38738738738738737,0.13963963963963963,0.06981981981981981,0.1891891891891892,0.015765765765765764,0.0,0.25,0.32657657657657657,0.060810810810810814,0.02252252252252252,0.02702702702702703,0.0472972972972973,0.015765765765765764,0.0,0.25,0.6396396396396397,1.5694444444444444,3.671171171171171,444.0,Stars
f115v,0.09022556390977443,0.2832080200501253,0.11027568922305764,0.10526315789473684,0.07518796992481203,0.3208020050125313,0.020050125313283207,0.0,0.2581453634085213,0.11278195488721804,0.3408521303258145,0.06265664160401002,0.40350877192982454,0.17042606516290726,0.07268170426065163,0.12781954887218044,0.03759398496240601,0.0,0.18295739348370926,0.2907268170426065,0.09774436090225563,0.03258145363408521,0.045112781954887216,0.02506265664160401,0.020050125313283207,0.0,0.3057644110275689,0.6541353383458647,1.4320987654320987,3.7218045112781954,399.0,Stars
f116r,0.17690875232774675,0.31471135940409684,0.06890130353817504,0.1191806331471136,0.03165735567970205,0.28677839851024206,0.01675977653631285,0.0037243947858473,0.23277467411545624,0.027932960893854747,0.16201117318435754,0.0297951582867784,0.4264432029795158,0.22905027932960895,0.08752327746741155,0.09683426443202979,0.03910614525139665,0.0,0.148975791433892,0.1824953445065177,0.1452513966480447,0.06890130353817504,0.074487895716946,0.035381750465549346,0.03165735567970205,0.0074487895716946,0.3054003724394786,0.5288640595903166,1.194915254237288,3.074487895716946,537.0,Stars
f26r,0.07058823529411765,0.3058823529411765,0.09411764705882353,0.10588235294117647,0.011764705882352941,0.4,0.03529411764705882,0.03529411764705882,0.17647058823529413,0.10588235294117647,0.43529411764705883,0.058823529411764705,0.5647058823529412,0.10588235294117647,0.03529411764705882,0.03529411764705882,0.011764705882352941,0.0,0.12941176470588237,0.18823529411764706,0.11764705882352941,0.023529411764705882,0.023529411764705882,0.058823529411764705,0.023529411764705882,0.023529411764705882,0.4117647058823529,0.6705882352941176,1.9,3.4941176470588236,85.0,Herbal
f26v,0.02247191011235955,0.4157303370786517,0.1348314606741573,0.06741573033707865,0.033707865168539325,0.3258426966292135,0.033707865168539325,0.02247191011235955,0.12359550561797752,0.0449438202247191,0.39325842696629215,0.11235955056179775,0.550561797752809,0.056179775280898875,0.02247191011235955,0.1348314606741573,0.0,0.0,0.11235955056179775,0.2696629213483146,0.06741573033707865,0.06741573033707865,0.02247191011235955,0.0449438202247191,0.0,0.0,0.4157303370786517,0.7752808988764045,1.875,3.348314606741573,89.0,Herbal
f31r,0.07,0.45,0.02,0.13,0.02,0.31,0.02,0.02,0.24,0.06,0.31,0.05,0.46,0.12,0.07,0.12,0.01,0.0,0.18,0.2,0.13,0.09,0.01,0.11,0.02,0.0,0.26,0.8,1.8823529411764706,3.37,100.0,Herbal
f31v,0.1574074074074074,0.48148148148148145,0.1111111111111111,0.018518518518518517,0.018518518518518517,0.19444444444444445,0.009259259259259259,0.027777777777777776,0.17592592592592593,0.09259259259259259,0.2222222222222222,0.09259259259259259,0.3148148148148148,0.10185185185185185,0.1111111111111111,0.16666666666666666,0.027777777777777776,0.0,0.037037037037037035,0.2222222222222222,0.046296296296296294,0.17592592592592593,0.05555555555555555,0.037037037037037035,0.009259259259259259,0.018518518518518517,0.39814814814814814,0.7962962962962963,1.7142857142857142,3.3055555555555554,108.0,Herbal
f33r,0.2777777777777778,0.20833333333333334,0.1111111111111111,0.06944444444444445,0.013888888888888888,0.3194444444444444,0.027777777777777776,0.013888888888888888,0.4583333333333333,0.05555555555555555,0.25,0.013888888888888888,0.3194444444444444,0.25,0.09722222222222222,0.20833333333333334,0.041666666666666664,0.0,0.08333333333333333,0.20833333333333334,0.08333333333333333,0.1111111111111111,0.09722222222222222,0.05555555555555555,0.013888888888888888,0.0,0.3472222222222222,0.3333333333333333,1.9473684210526316,3.4583333333333335,72.0,Herbal
f33v,0.21100917431192662,0.11926605504587157,0.09174311926605505,0.027522935779816515,0.01834862385321101,0.5321100917431193,0.0,0.009174311926605505,0.1834862385321101,0.009174311926605505,0.13761467889908258,0.01834862385321101,0.41284403669724773,0.13761467889908258,0.045871559633027525,0.1834862385321101,0.027522935779816515,0.0,0.009174311926605505,0.1834862385321101,0.08256880733944955,0.12844036697247707,0.027522935779816515,0.11926605504587157,0.027522935779816515,0.01834862385321101,0.4036697247706422,0.1559633027522936,1.625,2.477064220183486,109.0,Herbal
f34r,0.14583333333333334,0.2222222222222222,0.09722222222222222,0.0625,0.04861111111111111,0.4166666666666667,0.006944444444444444,0.013888888888888888,0.1527777777777778,0.09722222222222222,0.25,0.020833333333333332,0.4444444444444444,0.0763888888888889,0.0625,0.14583333333333334,0.020833333333333332,0.006944444444444444,0.09027777777777778,0.24305555555555555,0.04861111111111111,0.05555555555555555,0.04861111111111111,0.0763888888888889,0.08333333333333333,0.006944444444444444,0.3472222222222222,0.3402777777777778,1.75,3.013888888888889,144.0,Herbal
f34v,0.12173913043478261,0.24347826086956523,0.08695652173913043,0.0782608695652174,0.0,0.46956521739130436,0.017391304347826087,0.008695652173913044,0.28695652173913044,0.06956521739130435,0.26956521739130435,0.034782608695652174,0.46956521739130436,0.1565217391304348,0.043478260869565216,0.2,0.043478260869565216,0.0,0.08695652173913043,0.34782608695652173,0.08695652173913043,0.0782608695652174,0.02608695652173913,0.02608695652173913,0.06086956521739131,0.0,0.28695652173913044,0.3391304347826087,1.7272727272727273,3.2782608695652176,115.0,Herbal
f39r,0.12987012987012986,0.2012987012987013,0.09740259740259741,0.07792207792207792,0.0,0.487012987012987,0.025974025974025976,0.032467532467532464,0.34415584415584416,0.06493506493506493,0.2077922077922078,0.045454545454545456,0.37662337662337664,0.19480519480519481,0.09740259740259741,0.12987012987012986,0.025974025974025976,0.0,0.09090909090909091,0.2597402597402597,0.12337662337662338,0.025974025974025976,0.01948051948051948,0.09090909090909091,0.032467532467532464,0.0,0.35714285714285715,0.35714285714285715,1.8,3.344155844155844,154.0,Herbal
f39v,0.22535211267605634,0.1267605633802817,0.20422535211267606,0.08450704225352113,0.007042253521126761,0.34507042253521125,0.007042253521126761,0.028169014084507043,0.3591549295774648,0.04929577464788732,0.1619718309859155,0.007042253521126761,0.31690140845070425,0.19014084507042253,0.056338028169014086,0.22535211267605634,0.02112676056338028,0.0,0.04929577464788732,0.14084507042253522,0.09859154929577464,0.09859154929577464,0.028169014084507043,0.07746478873239436,0.04225352112676056,0.0,0.4647887323943662,0.19718309859154928,1.78125,2.908450704225352,142.0,Herbal
f40r,0.25773195876288657,0.13402061855670103,0.17525773195876287,0.09278350515463918,0.0,0.3402061855670103,0.010309278350515464,0.020618556701030927,0.31958762886597936,0.030927835051546393,0.14432989690721648,0.041237113402061855,0.23711340206185566,0.17525773195876287,0.08247422680412371,0.2268041237113402,0.061855670103092786,0.0,0.08247422680412371,0.13402061855670103,0.041237113402061855,0.21649484536082475,0.010309278350515464,0.08247422680412371,0.041237113402061855,0.0,0.3917525773195876,0.21649484536082475,1.8,2.783505154639175,97.0,Herbal
f40v,0.22641509433962265,0.19811320754716982,0.10377358490566038,0.1509433962264151,0.0,0.3018867924528302,0.0,0.02830188679245283,0.4339622641509434,0.02830188679245283,0.18867924528301888,0.02830188679245283,0.3584905660377358,0.22641509433962265,0.09433962264150944,0.1509433962264151,0.03773584905660377,0.0,0.1509433962264151,0.2169811320754717,0.02830188679245283,0.14150943396226415,0.009433962264150943,0.03773584905660377,0.02830188679245283,0.0,0.3867924528301887,0.33962264150943394,1.7,3.1226415094339623,106.0,Herbal
f41r,0.030927835051546393,0.3917525773195876,0.020618556701030927,0.18556701030927836,0.020618556701030927,0.3402061855670103,0.030927835051546393,0.0,0.020618556701030927,0.08247422680412371,0.4845360824742268,0.030927835051546393,0.711340206185567,0.020618556701030927,0.041237113402061855,0.020618556701030927,0.010309278350515464,0.0,0.1958762886597938,0.35051546391752575,0.08247422680412371,0.030927835051546393,0.020618556701030927,0.05154639175257732,0.0,0.010309278350515464,0.25773195876288657,0.7835051546391752,1.3333333333333333,3.422680412371134,97.0,Herbal
f41v,0.08823529411764706,0.4411764705882353,0.1323529411764706,0.08823529411764706,0.029411764705882353,0.22058823529411764,0.029411764705882353,0.04411764705882353,0.17647058823529413,0.07352941176470588,0.3235294117647059,0.04411764705882353,0.4852941176470588,0.11764705882352941,0.20588235294117646,0.04411764705882353,0.0,0.0,0.11764705882352941,0.14705882352941177,0.058823529411764705,0.1323529411764706,0.058823529411764705,0.07352941176470588,0.07352941176470588,0.0,0.3382352941176471,0.7205882352941176,1.875,3.426470588235294,68.0,Herbal
f43r,0.08,0.20666666666666667,0.18,0.04,0.06666666666666667,0.42,0.04666666666666667,0.006666666666666667,0.14666666666666667,0.06666666666666667,0.36,0.006666666666666667,0.56,0.1,0.05333333333333334,0.10666666666666667,0.013333333333333334,0.0,0.10666666666666667,0.17333333333333334,0.16,0.02666666666666667,0.08666666666666667,0.09333333333333334,0.02666666666666667,0.0,0.32666666666666666,0.32666666666666666,1.8125,3.2,150.0,Herbal
f43v,0.10457516339869281,0.39215686274509803,0.1437908496732026,0.0457516339869281,0.013071895424836602,0.29411764705882354,0.006535947712418301,0.013071895424836602,0.1503267973856209,0.0784313725490196,0.35294117647058826,0.0718954248366013,0.5490196078431373,0.08496732026143791,0.058823529411764705,0.09803921568627451,0.032679738562091505,0.0,0.06535947712418301,0.2549019607843137,0.0784313725490196,0.0718954248366013,0.0784313725490196,0.05228758169934641,0.0196078431372549,0.006535947712418301,0.37254901960784315,0.5751633986928104,1.6666666666666667,3.261437908496732,153.0,Herbal
f46r,0.06369426751592357,0.2611464968152866,0.10828025477707007,0.08917197452229299,0.01910828025477707,0.45222929936305734,0.03184713375796178,0.01910828025477707,0.18471337579617833,0.07006369426751592,0.2229299363057325,0.050955414012738856,0.4713375796178344,0.10191082802547771,0.10828025477707007,0.10191082802547771,0.03184713375796178,0.0,0.08917197452229299,0.24203821656050956,0.2484076433121019,0.01910828025477707,0.012738853503184714,0.07643312101910828,0.01910828025477707,0.012738853503184714,0.2802547770700637,0.4140127388535032,1.8421052631578947,3.2929936305732483,157.0,Herbal
f46v,0.15315315315315314,0.25225225225225223,0.09009009009009009,0.05405405405405406,0.02702702702702703,0.42342342342342343,0.036036036036036036,0.009009009009009009,0.18018018018018017,0.07207207207207207,0.36936936936936937,0.04504504504504504,0.5315315315315315,0.09009009009009009,0.036036036036036036,0.13513513513513514,0.06306306306306306,0.0,0.07207207207207207,0.25225225225225223,0.08108108108108109,0.07207207207207207,0.06306306306306306,0.11711711711711711,0.02702702702702703,0.018018018018018018,0.2972972972972973,0.3963963963963964,1.631578947368421,3.135135135135135,111.0,Herbal
f48r,0.10112359550561797,0.2696629213483146,0.15730337078651685,0.056179775280898875,0.056179775280898875,0.34831460674157305,0.033707865168539325,0.0,0.2247191011235955,0.056179775280898875,0.29213483146067415,0.02247191011235955,0.449438202247191,0.14606741573033707,0.15730337078651685,0.056179775280898875,0.033707865168539325,0.0,0.0898876404494382,0.11235955056179775,0.07865168539325842,0.06741573033707865,0.10112359550561797,0.056179775280898875,0.033707865168539325,0.02247191011235955,0.43820224719101125,0.5730337078651685,1.6923076923076923,3.5168539325842696,89.0,Herbal
f48v,0.15873015873015872,0.31746031746031744,0.0873015873015873,0.03968253968253968,0.015873015873015872,0.38095238095238093,0.015873015873015872,0.007936507936507936,0.0873015873015873,0.015873015873015872,0.3253968253968254,0.023809523809523808,0.5158730158730159,0.06349206349206349,0.0873015873015873,0.1349206349206349,0.031746031746031744,0.007936507936507936,0.023809523809523808,0.24603174603174602,0.05555555555555555,0.05555555555555555,0.16666666666666666,0.023809523809523808,0.031746031746031744,0.015873015873015872,0.38095238095238093,0.47619047619047616,1.3,2.857142857142857,126.0,Herbal
f50r,0.15730337078651685,0.11235955056179775,0.1348314606741573,0.15730337078651685,0.02247191011235955,0.4044943820224719,0.033707865168539325,0.011235955056179775,0.33707865168539325,0.12359550561797752,0.2247191011235955,0.033707865168539325,0.33707865168539325,0.21348314606741572,0.06741573033707865,0.1797752808988764,0.033707865168539325,0.0,0.1348314606741573,0.14606741573033707,0.07865168539325842,0.0898876404494382,0.033707865168539325,0.06741573033707865,0.06741573033707865,0.0,0.38202247191011235,0.2808988764044944,1.608695652173913,3.4157303370786516,89.0,Herbal
f50v,0.19387755102040816,0.1326530612244898,0.17346938775510204,0.10204081632653061,0.01020408163265306,0.3877551020408163,0.01020408163265306,0.01020408163265306,0.3469387755102041,0.061224489795918366,0.2857142857142857,0.030612244897959183,0.40816326530612246,0.20408163265306123,0.061224489795918366,0.14285714285714285,0.02040816326530612,0.0,0.11224489795918367,0.1836734693877551,0.05102040816326531,0.16326530612244897,0.061224489795918366,0.061224489795918366,0.061224489795918366,0.0,0.30612244897959184,0.3673469387755102,1.5833333333333333,3.336734693877551,98.0,Herbal
f55r,0.21774193548387097,0.08064516129032258,0.20967741935483872,0.10483870967741936,0.016129032258064516,0.3467741935483871,0.016129032258064516,0.0,0.3467741935483871,0.04838709677419355,0.1532258064516129,0.03225806451612903,0.25,0.1935483870967742,0.12096774193548387,0.22580645161290322,0.016129032258064516,0.0,0.08870967741935484,0.21774193548387097,0.04032258064516129,0.11290322580645161,0.03225806451612903,0.08870967741935484,0.016129032258064516,0.0,0.4032258064516129,0.16129032258064516,1.7333333333333334,2.9516129032258065,124.0,Herbal
f55v,0.34615384615384615,0.16346153846153846,0.15384615384615385,0.057692307692307696,0.009615384615384616,0.2692307692307692,0.0,0.009615384615384616,0.4519230769230769,0.04807692307692308,0.15384615384615385,0.028846153846153848,0.27884615384615385,0.28846153846153844,0.11538461538461539,0.16346153846153846,0.028846153846153848,0.0,0.07692307692307693,0.14423076923076922,0.009615384615384616,0.10576923076923077,0.04807692307692308,0.07692307692307693,0.028846153846153848,0.009615384615384616,0.5,0.28846153846153844,1.8333333333333333,3.0576923076923075,104.0,Herbal
f57r,0.034482758620689655,0.39080459770114945,0.11494252873563218,0.05747126436781609,0.034482758620689655,0.367816091954023,0.04597701149425287,0.034482758620689655,0.14942528735632185,0.16091954022988506,0.41379310344827586,0.04597701149425287,0.5862068965517241,0.06896551724137931,0.022988505747126436,0.04597701149425287,0.08045977011494253,0.0,0.06896551724137931,0.26436781609195403,0.14942528735632185,0.06896551724137931,0.011494252873563218,0.06896551724137931,0.0,0.022988505747126436,0.3448275862068966,0.6896551724137931,1.5833333333333333,4.022988505747127,87.0,Herbal
f66r,0.0486322188449848,0.2917933130699088,0.10030395136778116,0.10638297872340426,0.03343465045592705,0.3981762917933131,0.015197568389057751,0.0243161094224924,0.11550151975683891,0.0486322188449848,0.3009118541033435,0.03951367781155015,0.45288753799392095,0.0547112462006079,0.1094224924012158,0.11550151975683891,0.0060790273556231,0.0060790273556231,0.1337386018237082,0.182370820668693,0.1762917933130699,0.0486322188449848,0.0364741641337386,0.10030395136778116,0.0060790273556231,0.00303951367781155,0.3130699088145897,0.5167173252279635,1.6764705882352942,3.1671732522796354,329.0,Text
f66v,0.07964601769911504,0.3185840707964602,0.11504424778761062,0.07079646017699115,0.02654867256637168,0.3893805309734513,0.035398230088495575,0.035398230088495575,0.11504424778761062,0.061946902654867256,0.336283185840708,0.07964601769911504,0.40707964601769914,0.07079646017699115,0.11504424778761062,0.09734513274336283,0.02654867256637168,0.008849557522123894,0.07079646017699115,0.24778761061946902,0.168141592920354,0.07964601769911504,0.04424778761061947,0.12389380530973451,0.0,0.0,0.26548672566371684,0.4424778761061947,2.0,3.2389380530973453,113.0,Herbal
f75r,0.06310679611650485,0.28398058252427183,0.06310679611650485,0.23300970873786409,0.021844660194174758,0.33495145631067963,0.0024271844660194173,0.0,0.08737864077669903,0.03155339805825243,0.30339805825242716,0.014563106796116505,0.5412621359223301,0.12135922330097088,0.07766990291262135,0.10436893203883495,0.019417475728155338,0.0024271844660194173,0.2621359223300971,0.13349514563106796,0.16262135922330098,0.03640776699029126,0.04854368932038835,0.06553398058252427,0.043689320388349516,0.0,0.24757281553398058,0.5242718446601942,1.12,2.9223300970873787,412.0,Bio
f75v,0.035398230088495575,0.2448377581120944,0.09734513274336283,0.20943952802359883,0.02654867256637168,0.3834808259587021,0.008849557522123894,0.0,0.10324483775811209,0.05309734513274336,0.2831858407079646,0.02359882005899705,0.5221238938053098,0.11209439528023599,0.11209439528023599,0.061946902654867256,0.008849557522123894,0.0,0.2713864306784661,0.10914454277286136,0.11799410029498525,0.035398230088495575,0.038348082595870206,0.058997050147492625,0.09144542772861357,0.0029498525073746312,0.2743362831858407,0.5221238938053098,1.2307692307692308,3.0147492625368733,339.0,Bio
f76r,0.12087912087912088,0.32234432234432236,0.0641025641025641,0.13186813186813187,0.023809523809523808,0.336996336996337,0.02564102564102564,0.0018315018315018315,0.17032967032967034,0.056776556776556776,0.2948717948717949,0.029304029304029304,0.5,0.1575091575091575,0.0989010989010989,0.09706959706959707,0.003663003663003663,0.005494505494505495,0.19047619047619047,0.19963369963369965,0.16117216117216118,0.07142857142857142,0.038461538461538464,0.04945054945054945,0.04395604395604396,0.0018315018315018315,0.24358974358974358,0.5695970695970696,1.3595505617977528,3.1556776556776556,546.0,Bio
f76v,0.0675,0.42,0.065,0.1175,0.0375,0.29,0.03,0.0,0.2025,0.06,0.425,0.045,0.5775,0.1225,0.08,0.0675,0.0075,0.0,0.1725,0.2125,0.1625,0.045,0.07,0.025,0.0325,0.005,0.275,0.85,1.9056603773584906,3.5075,400.0,Bio
f77r,0.033846153846153845,0.30153846153846153,0.05846153846153846,0.18769230769230769,0.10461538461538461,0.31384615384615383,0.012307692307692308,0.0,0.3292307692307692,0.052307692307692305,0.36,0.021538461538461538,0.5107692307692308,0.19692307692307692,0.11076923076923077,0.04923076923076923,0.006153846153846154,0.003076923076923077,0.3353846153846154,0.19692307692307692,0.13230769230769232,0.012307692307692308,0.021538461538461538,0.05846153846153846,0.033846153846153845,0.0,0.20923076923076922,0.7784615384615384,1.7794117647058822,3.6184615384615384,325.0,Bio
f77v,0.03927492447129909,0.29003021148036257,0.06042296072507553,0.21450151057401812,0.03625377643504532,0.3564954682779456,0.0,0.0030211480362537764,0.18731117824773413,0.030211480362537766,0.3474320241691843,0.01812688821752266,0.49244712990936557,0.1299093655589124,0.1903323262839879,0.04229607250755287,0.006042296072507553,0.0,0.29003021148036257,0.21148036253776434,0.1419939577039275,0.01812688821752266,0.0030211480362537764,0.09667673716012085,0.045317220543806644,0.0,0.1933534743202417,0.5770392749244713,1.711111111111111,3.178247734138973,331.0,Bio
f78r,0.08163265306122448,0.23469387755102042,0.10204081632653061,0.19727891156462585,0.023809523809523808,0.36054421768707484,0.003401360544217687,0.003401360544217687,0.19727891156462585,0.04081632653061224,0.3673469387755102,0.02040816326530612,0.5068027210884354,0.16326530612244897,0.10884353741496598,0.06462585034013606,0.003401360544217687,0.0,0.20408163265306123,0.13945578231292516,0.07482993197278912,0.06802721088435375,0.047619047619047616,0.06802721088435375,0.04421768707482993,0.003401360544217687,0.35034013605442177,0.48639455782312924,1.469387755102041,3.163265306122449,294.0,Bio
f78v,0.07191780821917808,0.2842465753424658,0.14726027397260275,0.1404109589041096,0.017123287671232876,0.339041095890411,0.0136986301369863,0.00684931506849315,0.10616438356164383,0.03767123287671233,0.3287671232876712,0.0273972602739726,0.4863013698630137,0.08561643835616438,0.15753424657534246,0.09246575342465753,0.003424657534246575,0.0,0.1952054794520548,0.13356164383561644,0.13013698630136986,0.06506849315068493,0.06164383561643835,0.0410958904109589,0.07191780821917808,0.003424657534246575,0.2979452054794521,0.541095890410959,1.52,2.9452054794520546,292.0,Bio
f79r,0.07969151670951156,0.29562982005141386,0.15681233933161953,0.13110539845758354,0.06426735218508997,0.27249357326478146,0.010282776349614395,0.002570694087403599,0.15424164524421594,0.043701799485861184,0.18251928020565553,0.043701799485861184,0.4473007712082262,0.12596401028277635,0.17223650385604114,0.09254498714652956,0.007712082262210797,0.0,0.20308483290488433,0.17223650385604114,0.17737789203084833,0.043701799485861184,0.07197943444730077,0.030848329048843187,0.05912596401028278,0.002570694087403599,0.2390745501285347,0.570694087403599,1.392156862745098,3.005141388174807,389.0,Bio
f79v,0.096045197740113,0.268361581920904,0.11581920903954802,0.2288135593220339,0.03672316384180791,0.24293785310734464,0.011299435028248588,0.00847457627118644,0.20056497175141244,0.0480225988700565,0.2627118644067797,0.03954802259887006,0.53954802259887,0.1694915254237288,0.10734463276836158,0.06497175141242938,0.011299435028248588,0.0,0.2570621468926554,0.0903954802259887,0.1016949152542373,0.06779661016949153,0.07909604519774012,0.03389830508474576,0.06497175141242938,0.002824858757062147,0.3022598870056497,0.7203389830508474,1.3225806451612903,3.285310734463277,354.0,Bio
f80r,0.09523809523809523,0.25396825396825395,0.09523809523809523,0.2199546485260771,0.06802721088435375,0.2653061224489796,0.015873015873015872,0.0022675736961451248,0.2471655328798186,0.09297052154195011,0.11791383219954649,0.022675736961451247,0.42403628117913833,0.19727891156462585,0.16780045351473924,0.08616780045351474,0.018140589569160998,0.0,0.2494331065759637,0.1473922902494331,0.13378684807256236,0.05668934240362812,0.047619047619047616,0.02947845804988662,0.07256235827664399,0.0022675736961451248,0.26077097505668934,0.45351473922902497,1.3076923076923077,3.272108843537415,441.0,Bio
f80v,0.0873015873015873,0.21693121693121692,0.10582010582010581,0.19576719576719576,0.07142857142857142,0.32275132275132273,0.010582010582010581,0.0026455026455026454,0.21693121693121692,0.047619047619047616,0.17989417989417988,0.0291005291005291,0.43915343915343913,0.18253968253968253,0.1746031746031746,0.0873015873015873,0.005291005291005291,0.0,0.24867724867724866,0.1455026455026455,0.12962962962962962,0.037037037037037035,0.023809523809523808,0.0291005291005291,0.10052910052910052,0.0026455026455026454,0.2830687830687831,0.373015873015873,1.3472222222222223,3.0238095238095237,378.0,Bio
f81r,0.07729468599033816,0.30917874396135264,0.1642512077294686,0.14009661835748793,0.04830917874396135,0.2608695652173913,0.01932367149758454,0.004830917874396135,0.12077294685990338,0.07246376811594203,0.3285024154589372,0.057971014492753624,0.4975845410628019,0.09178743961352658,0.178743961352657,0.057971014492753624,0.004830917874396135,0.0,0.18357487922705315,0.178743961352657,0.12077294685990338,0.04830917874396135,0.06280193236714976,0.01932367149758454,0.10144927536231885,0.0,0.28502415458937197,0.6231884057971014,1.4285714285714286,3.0483091787439616,207.0,Bio
f81v,0.05813953488372093,0.2596899224806202,0.12790697674418605,0.12790697674418605,0.01937984496124031,0.40310077519379844,0.007751937984496124,0.003875968992248062,0.16279069767441862,0.050387596899224806,0.28294573643410853,0.03488372093023256,0.49224806201550386,0.13565891472868216,0.17829457364341086,0.046511627906976744,0.003875968992248062,0.0,0.16279069767441862,0.15503875968992248,0.12790697674418605,0.08527131782945736,0.015503875968992248,0.08139534883720931,0.050387596899224806,0.003875968992248062,0.3178294573643411,0.4728682170542636,1.5897435897435896,3.011627906976744,258.0,Bio
f82r,0.03272727272727273,0.36,0.03636363636363636,0.22181818181818183,0.06545454545454546,0.28,0.007272727272727273,0.0,0.22545454545454546,0.06181818181818182,0.33090909090909093,0.02181818181818182,0.5854545454545454,0.14181818181818182,0.10909090909090909,0.06181818181818182,0.0036363636363636364,0.0,0.31272727272727274,0.24,0.12,0.03272727272727273,0.014545454545454545,0.04727272727272727,0.02909090909090909,0.0036363636363636364,0.2,0.850909090909091,1.697674418604651,3.498181818181818,275.0,Bio
f82v,0.0738255033557047,0.26174496644295303,0.053691275167785234,0.25838926174496646,0.06711409395973154,0.2785234899328859,0.003355704697986577,0.003355704697986577,0.21140939597315436,0.06040268456375839,0.2684563758389262,0.0436241610738255,0.4899328859060403,0.1476510067114094,0.18456375838926176,0.06040268456375839,0.010067114093959731,0.003355704697986577,0.32550335570469796,0.18120805369127516,0.13087248322147652,0.03691275167785235,0.040268456375838924,0.040268456375838924,0.06711409395973154,0.003355704697986577,0.174496644295302,0.5436241610738255,1.3529411764705883,3.38255033557047,298.0,Bio
f83r,0.03235294117647059,0.3235294117647059,0.041176470588235294,0.18823529411764706,0.04411764705882353,0.37058823529411766,0.020588235294117647,0.0,0.1676470588235294,0.1,0.4441176470588235,0.029411764705882353,0.5882352941176471,0.1323529411764706,0.11176470588235295,0.04411764705882353,0.0029411764705882353,0.0,0.22941176470588234,0.2323529411764706,0.15,0.014705882352941176,0.03823529411764706,0.058823529411764705,0.026470588235294117,0.0058823529411764705,0.24411764705882352,0.6764705882352942,1.6666666666666667,3.5294117647058822,340.0,Bio
f83v,0.07224334600760456,0.33840304182509506,0.057034220532319393,0.22433460076045628,0.049429657794676805,0.2585551330798479,0.015209125475285171,0.0,0.20152091254752852,0.06844106463878327,0.33460076045627374,0.034220532319391636,0.44866920152091255,0.12547528517110265,0.19771863117870722,0.07224334600760456,0.0038022813688212928,0.0,0.311787072243346,0.20152091254752852,0.1634980988593156,0.049429657794676805,0.030418250950570342,0.049429657794676805,0.060836501901140684,0.0038022813688212928,0.12927756653992395,0.6425855513307985,1.6666666666666667,3.4600760456273765,263.0,Bio
f84r,0.06371191135734072,0.26038781163434904,0.12188365650969529,0.16620498614958448,0.0443213296398892,0.3407202216066482,0.0110803324099723,0.008310249307479225,0.11634349030470914,0.04155124653739612,0.3545706371191136,0.024930747922437674,0.5817174515235457,0.08033240997229917,0.10526315789473684,0.09695290858725762,0.008310249307479225,0.0,0.19667590027700832,0.12465373961218837,0.13850415512465375,0.05263157894736842,0.060941828254847646,0.06925207756232687,0.06371191135734072,0.0,0.29362880886426596,0.5318559556786704,1.6363636363636365,3.146814404432133,361.0,Bio
f84v,0.05187319884726225,0.30835734870317005,0.09798270893371758,0.17579250720461095,0.01440922190201729,0.3515850144092219,0.002881844380403458,0.008645533141210375,0.10951008645533142,0.0345821325648415,0.36023054755043227,0.04610951008645533,0.6023054755043228,0.10086455331412104,0.11815561959654179,0.05475504322766571,0.008645533141210375,0.0,0.1786743515850144,0.10662824207492795,0.11815561959654179,0.1239193083573487,0.04610951008645533,0.07204610951008646,0.069164265129683,0.002881844380403458,0.2824207492795389,0.6484149855907781,1.6153846153846154,3.0979827089337175,347.0,Bio
f85r1,0.12012012012012012,0.22822822822822822,0.13513513513513514,0.07807807807807808,0.036036036036036036,0.3993993993993994,0.03303303303303303,0.021021021021021023,0.2822822822822823,0.07507507507507508,0.3633633633633634,0.04804804804804805,0.43843843843843844,0.14714714714714713,0.08708708708708708,0.17417417417417416,0.03003003003003003,0.0,0.12912912912912913,0.1831831831831832,0.11711711711711711,0.05405405405405406,0.0990990990990991,0.08708708708708708,0.036036036036036036,0.0,0.29429429429429427,0.45345345345345345,1.7301587301587302,3.5855855855855854,333.0,Text
f85r2,0.16129032258064516,0.2,0.23225806451612904,0.06451612903225806,0.04516129032258064,0.2967741935483871,0.03870967741935484,0.0064516129032258064,0.36774193548387096,0.07741935483870968,0.32903225806451614,0.10967741935483871,0.33548387096774196,0.2129032258064516,0.07096774193548387,0.21935483870967742,0.01935483870967742,0.0,0.14193548387096774,0.12258064516129032,0.07741935483870968,0.012903225806451613,0.12903225806451613,0.03870967741935484,0.07096774193548387,0.0,0.4064516129032258,0.45161290322580644,1.75,3.664516129032258,155.0,Cosmo
f86v3,0.1407942238267148,0.2924187725631769,0.13357400722021662,0.08303249097472924,0.05776173285198556,0.2924187725631769,0.01444043321299639,0.007220216606498195,0.3935018050541516,0.08303249097472924,0.26714801444043323,0.05054151624548736,0.4693140794223827,0.21299638989169675,0.04693140794223827,0.12274368231046931,0.05054151624548736,0.0,0.1624548736462094,0.20577617328519857,0.10108303249097472,0.018050541516245487,0.08303249097472924,0.05776173285198556,0.02527075812274368,0.0,0.34657039711191334,0.5992779783393501,1.7916666666666667,3.512635379061372,277.0,Cosmo
f86v4,0.1276595744680851,0.2925531914893617,0.20212765957446807,0.031914893617021274,0.031914893617021274,0.30319148936170215,0.03723404255319149,0.010638297872340425,0.21808510638297873,0.09042553191489362,0.32978723404255317,0.06914893617021277,0.34574468085106386,0.1276595744680851,0.10106382978723404,0.22340425531914893,0.010638297872340425,0.0,0.0797872340425532,0.18617021276595744,0.11702127659574468,0.015957446808510637,0.10638297872340426,0.06914893617021277,0.03723404255319149,0.0,0.3882978723404255,0.5585106382978723,1.6551724137931034,3.367021276595745,188.0,Cosmo
f86v5,0.2572178477690289,0.13648293963254593,0.2073490813648294,0.07611548556430446,0.03412073490813648,0.2887139107611549,0.015748031496062992,0.007874015748031496,0.3884514435695538,0.03412073490813648,0.14173228346456693,0.03674540682414698,0.3123359580052493,0.2230971128608924,0.10498687664041995,0.1837270341207349,0.04461942257217848,0.0,0.09711286089238845,0.12598425196850394,0.09973753280839895,0.026246719160104987,0.10236220472440945,0.031496062992125984,0.03674540682414698,0.0026246719160104987,0.4776902887139108,0.30971128608923887,1.8125,3.073490813648294,381.0,Cosmo
f86v6,0.17745302713987474,0.12734864300626306,0.17118997912317327,0.15657620041753653,0.04801670146137787,0.3173277661795407,0.029227557411273485,0.014613778705636743,0.38204592901878914,0.08768267223382047,0.15866388308977036,0.025052192066805846,0.3089770354906054,0.21920668058455114,0.11064718162839249,0.2254697286012526,0.031315240083507306,0.0,0.1837160751565762,0.1336116910229645,0.0709812108559499,0.033402922755741124,0.054279749478079335,0.06889352818371608,0.06889352818371608,0.0041753653444676405,0.38204592901878914,0.30062630480167013,1.7966101694915255,3.4112734864300625,479.0,Cosmo
f94r,0.1951219512195122,0.15853658536585366,0.17073170731707318,0.13414634146341464,0.024390243902439025,0.2926829268292683,0.024390243902439025,0.0,0.3780487804878049,0.07317073170731707,0.23170731707317074,0.036585365853658534,0.32926829268292684,0.1951219512195122,0.08536585365853659,0.17073170731707318,0.024390243902439025,0.0,0.12195121951219512,0.21951219512195122,0.036585365853658534,0.07317073170731707,0.06097560975609756,0.07317073170731707,0.07317073170731707,0.0,0.34146341463414637,0.25609756097560976,1.75,3.1951219512195124,82.0,Herbal
f94v,0.12871287128712872,0.2376237623762376,0.12871287128712872,0.09900990099009901,0.0297029702970297,0.37623762376237624,0.0297029702970297,0.0,0.26732673267326734,0.06930693069306931,0.2079207920792079,0.019801980198019802,0.4158415841584158,0.1485148514851485,0.09900990099009901,0.16831683168316833,0.009900990099009901,0.0,0.12871287128712872,0.16831683168316833,0.0594059405940594,0.07920792079207921,0.13861386138613863,0.04950495049504951,0.009900990099009901,0.0,0.36633663366336633,0.42574257425742573,1.7058823529411764,3.128712871287129,101.0,Herbal
f95r1,0.05825242718446602,0.17475728155339806,0.18446601941747573,0.1650485436893204,0.02912621359223301,0.3883495145631068,0.02912621359223301,0.009708737864077669,0.42718446601941745,0.038834951456310676,0.18446601941747573,0.02912621359223301,0.4174757281553398,0.27184466019417475,0.07766990291262135,0.10679611650485436,0.009708737864077669,0.0,0.13592233009708737,0.36893203883495146,0.04854368932038835,0.04854368932038835,0.009708737864077669,0.04854368932038835,0.04854368932038835,0.0,0.2912621359223301,0.2912621359223301,1.75,3.2718446601941746,103.0,Herbal
f95r2,0.1518987341772152,0.11392405063291139,0.20253164556962025,0.13924050632911392,0.012658227848101266,0.379746835443038,0.0,0.05063291139240506,0.22784810126582278,0.05063291139240506,0.21518987341772153,0.02531645569620253,0.34177215189873417,0.16455696202531644,0.17721518987341772,0.17721518987341772,0.05063291139240506,0.0,0.12658227848101267,0.21518987341772153,0.10126582278481013,0.12658227848101267,0.08860759493670886,0.0759493670886076,0.02531645569620253,0.0,0.24050632911392406,0.17721518987341772,1.6923076923076923,3.0632911392405062,79.0,Herbal
f95v1,0.15384615384615385,0.21367521367521367,0.11965811965811966,0.1111111111111111,0.03418803418803419,0.358974358974359,0.008547008547008548,0.017094017094017096,0.3247863247863248,0.03418803418803419,0.26495726495726496,0.08547008547008547,0.39316239316239315,0.23931623931623933,0.07692307692307693,0.11965811965811966,0.017094017094017096,0.008547008547008548,0.1452991452991453,0.19658119658119658,0.19658119658119658,0.06837606837606838,0.10256410256410256,0.03418803418803419,0.017094017094017096,0.008547008547008548,0.23076923076923078,0.3504273504273504,1.5357142857142858,3.3504273504273505,117.0,Herbal
f95v2,0.296875,0.09375,0.171875,0.078125,0.0625,0.296875,0.015625,0.015625,0.46875,0.03125,0.1875,0.046875,0.3125,0.375,0.0625,0.140625,0.0,0.0,0.09375,0.109375,0.125,0.125,0.0625,0.0625,0.09375,0.0,0.328125,0.171875,1.4583333333333333,3.09375,64.0,Herbal
